URL,Last crawled
https://levinkeller.de/de/,2026-02-14
https://levinkeller.de/de/imprint/,2026-02-12
https://levinkeller.de/en/garden/beds,2026-02-12
https://levinkeller.de/de,2026-02-10
https://levinkeller.de/en/garden/beds/,2026-02-09
https://levinkeller.de/de/work/,2026-02-09
https://levinkeller.de/de/docs/studies/fernwaerme-adensen-offener-brief/,2026-02-04
https://www.levinkeller.de/de,2026-01-24
https://www.levinkeller.de/de/work/,2026-01-23
https://www.levinkeller.de/de/levin/tech-stack,2026-01-17
https://www.levinkeller.de/de/blog,2026-01-17
https://www.levinkeller.de/de/docs/studies/fernwaerme-adensen/,2026-01-16
https://www.levinkeller.de/de/about/,2025-12-25
https://www.levinkeller.de/de/garden/plants/3/,2025-12-13
https://www.levinkeller.de/de/garden/plants/malva-moschata/,2025-11-25
https://www.levinkeller.de/de/imprint,2025-11-22
https://www.levinkeller.de/de/garden/plants/aquilegia-vulgaris-alba/,2025-11-07
https://www.levinkeller.de/de/docs/kommunalpolitik/nordstemmen/radverkehrskonzept/,2025-11-05
https://www.levinkeller.de/de/garden/vegetables/basil/,2025-10-13
https://www.levinkeller.de/en/garden/vegetables/endive/,2025-10-12
https://www.levinkeller.de/de/garden/vegetables/savoy/,2025-10-10
https://www.levinkeller.de/en/garden/plants/gaura-lindheimeri/,2025-10-10
https://www.levinkeller.de/de/garden/vegetables/spinach/,2025-10-10
https://www.levinkeller.de/en/garden/plants/aster-novae-angliae/,2025-10-10
https://www.levinkeller.de/en/garden/plants/moluccella-laevis/,2025-10-10
https://www.levinkeller.de/en/garden/plants/aquilegia-vulgaris-bauerngarten/,2025-10-10
https://www.levinkeller.de/en/garden/vegetables/broccoli/,2025-10-10
https://www.levinkeller.de/en/garden/plants/orlaya-grandiflora/,2025-10-10
https://www.levinkeller.de/de/garden/vegetables/chilli/,2025-10-08
https://www.levinkeller.de/de/garden/plants/echium-vulgare/,2025-10-08
https://www.levinkeller.de/de/garden/plants/rudbeckia-occidentalis/,2025-10-08
https://www.levinkeller.de/de/garden/plants/acanthus-mollis/,2025-10-08
https://www.levinkeller.de/en/garden/plants/echinacea-paradiso/,2025-10-08
https://www.levinkeller.de/de/garden/vegetables/shelling-peas/,2025-10-08
https://www.levinkeller.de/en/garden/plants/veronica-longifolia/,2025-10-07
https://www.levinkeller.de/de/garden/vegetables/winter-leek/,2025-10-07
https://www.levinkeller.de/en/garden/plants/francoa-sonchifolia/,2025-10-07
https://www.levinkeller.de/de/garden/vegetables/tomato/,2025-10-07
https://www.levinkeller.de/de/docs/gardening/duengung-jungpflanzen/,2025-10-07
https://www.levinkeller.de/de/garden/vegetables/pak-choi/,2025-10-07
https://www.levinkeller.de/en/garden/plants/cephalaria-dipsacoides/,2025-10-07
https://www.levinkeller.de/de/garden/plants/penstemon-serrulatus/,2025-10-07
https://www.levinkeller.de/en/garden/vegetables/cabbage/,2025-10-07
https://www.levinkeller.de/de/garden/vegetables/chinese-cabbage/,2025-10-07
https://www.levinkeller.de/en/garden/vegetables/radicchio/,2025-10-07
https://www.levinkeller.de/de/garden/vegetables/cucumber/,2025-10-07
https://www.levinkeller.de/de/garden/plants/penstemon-smallii/,2025-10-07
https://www.levinkeller.de/en/garden/vegetables/okra/,2025-10-06
https://www.levinkeller.de/de/garden/plants/agastache-cana/,2025-10-06
https://www.levinkeller.de/en/garden/vegetables/parsnip/,2025-10-06
https://www.levinkeller.de/en/garden/vegetables/sweet-corn/,2025-10-06
https://www.levinkeller.de/de/garden/plants/echinops-sphaerocephalus/,2025-10-06
https://www.levinkeller.de/en/garden/plants/hesperis-matronalis/,2025-10-06
https://www.levinkeller.de/de/garden/plants/baptisia-australis/,2025-10-06
https://www.levinkeller.de/de/garden/vegetables/garlic/,2025-10-06
https://www.levinkeller.de/en/garden/plants/verbena-bonariensis/,2025-10-06
https://www.levinkeller.de/en/garden/plants/centaurea-scabiosa/,2025-10-06
https://www.levinkeller.de/en/garden/vegetables/corn-salad/,2025-10-06
https://www.levinkeller.de/de/garden/plants/stachys-monnieri/,2025-10-06
https://www.levinkeller.de/de/garden/vegetables/corn-salad/,2025-10-06
https://www.levinkeller.de/de/garden/plants/callistephus-chinensis/,2025-10-06
https://www.levinkeller.de/en/garden/plants/cimicifuga-ramosa/,2025-10-06
https://www.levinkeller.de/de/garden/plants/cephalaria-gigantea/,2025-10-06
https://www.levinkeller.de/en/garden/vegetables/florence-fennel/,2025-10-06
https://www.levinkeller.de/de/garden/vegetables/salad/,2025-10-06
https://www.levinkeller.de/en/garden/plants/astrantia-major/,2025-10-06
https://www.levinkeller.de/de/garden/plants/humulus-lupulus/,2025-10-06
https://www.levinkeller.de/de/garden/vegetables/pumpkin/,2025-10-06
https://www.levinkeller.de/en/garden/vegetables/parsley/,2025-10-06
https://www.levinkeller.de/de/garden/plants/vernonia-noveboracensis/,2025-10-06
https://www.levinkeller.de/en/garden/plants/lathyrus-vernus/,2025-10-06
https://www.levinkeller.de/de/garden/vegetables/chervil/,2025-10-05
https://www.levinkeller.de/de/garden/vegetables/salad-rocket/,2025-10-03
https://www.levinkeller.de/en/garden/vegetables/fennel/,2025-10-02
https://www.levinkeller.de/de/garden/vegetables/white-radish/,2025-10-01
https://www.levinkeller.de/en/garden/plants/aster-ericoides/,2025-10-01
https://www.levinkeller.de/en/garden/vegetables/snap-peas/,2025-10-01
https://www.levinkeller.de/en/garden/plants/malva-sylvestris/,2025-10-01
https://www.levinkeller.de/en/garden/vegetables/onion/,2025-10-01
https://www.levinkeller.de/de/garden/plants/agastache-rugosa-blau/,2025-10-01
https://www.levinkeller.de/en/garden/plants/delphinium-belladonna-casa-blanca/,2025-10-01
https://www.levinkeller.de/de/garden/plants/sanguisorba-tenuifolia-alba/,2025-10-01
https://www.levinkeller.de/en/garden/vegetables/elefant-garlic/,2025-10-01
https://www.levinkeller.de/en/garden/vegetables/purple-sprouting-broccoli/,2025-10-01
https://www.levinkeller.de/en/garden/plants/dipsachus-fullonum/,2025-10-01
https://www.levinkeller.de/de/garden/plants/petunia-hybrida/,2025-10-01
https://www.levinkeller.de/de/garden/plants/stipa-tenuissima/,2025-10-01
https://www.levinkeller.de/de/garden/plants/calamagrostis-brachytricha/,2025-10-01
https://www.levinkeller.de/en/garden/beds/,2025-10-01
https://www.levinkeller.de/en/garden/plants/helenium-autumnale-rotgold-hybriden/,2025-10-01
https://www.levinkeller.de/de/garden/plants/alchemilla-xanthochlora/,2025-10-01
https://www.levinkeller.de/de/garden/plants/dipsacus-sylvestris/,2025-10-01
https://www.levinkeller.de/en/garden/plants/agastache-foeniculum/,2025-10-01
https://www.levinkeller.de/en/garden/plants/geranium-macrorrhizum/,2025-10-01
https://www.levinkeller.de/en/garden/plants/daphne-mezereum/,2025-10-01
https://www.levinkeller.de/en/garden/plants/gaillardia-pulchella-sundance-red/,2025-10-01
https://www.levinkeller.de/en/garden/plants/sanguisorba-tenuifolia-alba/,2025-10-01
https://www.levinkeller.de/en/garden/plants/hyssopus-officinale/,2025-10-01
https://www.levinkeller.de/de/garden/plants/scabiosa-atropurpurea-oxford-blue/,2025-10-01
https://www.levinkeller.de/de/garden/plants/aquilegia-vulgaris/,2025-10-01
https://www.levinkeller.de/en/garden/plants/miscanthus-oligostachyus/,2025-10-01
https://www.levinkeller.de/de/garden/vegetables/dill/,2025-10-01
https://www.levinkeller.de/en/garden/vegetables/beetroot/,2025-10-01
https://www.levinkeller.de/en/garden/plants/stachys-monnieri/,2025-10-01
https://www.levinkeller.de/de/garden/vegetables/pepper/,2025-10-01
https://www.levinkeller.de/de/garden/vegetables/courgette/,2025-10-01
https://www.levinkeller.de/en/garden/vegetables/broad-beans/,2025-10-01
https://www.levinkeller.de/en/garden/plants/penstemon-hartwegii-sensation-mix/,2025-10-01
https://www.levinkeller.de/de/garden/plants/malva-moschata-alba/,2025-10-01
https://www.levinkeller.de/en/garden/vegetables/celery/,2025-10-01
https://www.levinkeller.de/de/garden/plants/delphinium-belladonna-bellamosum/,2025-09-30
https://www.levinkeller.de/de/garden/vegetables/daikon/,2025-09-30
https://www.levinkeller.de/en/garden/plants/agastache-rugosa-alba/,2025-09-30
https://www.levinkeller.de/en/garden/vegetables/french-bean/,2025-09-30
https://www.levinkeller.de/de/garden/plants/digitalis-purpurea/,2025-09-30
https://www.levinkeller.de/de/docs/software/collaborative-homepage/,2024-12-24
https://www.levinkeller.de/en/assets/files/Handreichung_Anpassung_Klimawandel-233ca95ef90fd5b97b2b33e74a701c87.pdf,2023-10-04